Id,CreatedDate,Service_Application,Number_of_Repairs,Project,Repair_Activity,Repair_Area,Status,Contractor_Bid,Priority,Quick_Notes,Repair_Cost
repair_0,2018-04-11 21:34:59,service_app_33,,,Replacement,Roof,Assigned,,,,
repair_1,2021-07-21 16:05:25,service_app_129,1.0,,,Appliances,Assigned,,Medium,Kitchen vent hood cleaned,
repair_2,2021-07-21 16:08:04,service_app_129,1.0,,Repair,HVAC,Assigned,,Low,Thermostat,
repair_3,2021-07-21 21:37:02,service_app_158,6.0,,,Bathroom,Work Completed,contractor_bid_3,High,"Renovate bathroom to include a walk-in shower, handheld shower set, grab bars, new vanity, paint and flooring",
repair_4,2021-07-21 21:38:16,service_app_158,1.0,,Test,Lead Safety,Work Completed,contractor_bid_1,Critical,Lead paint inspection completed,
repair_5,2021-07-21 21:39:58,service_app_158,1.0,,,Exterior,Work Completed,contractor_bid_3,Medium,Repair leaking exterior spigot,
repair_6,2021-07-21 21:40:56,service_app_158,3.0,,,Kitchen,Work Completed,contractor_bid_3,High,"Repair leaking plumbing, damaged cabinets and countertops",
repair_7,2021-07-21 21:42:32,service_app_158,1.0,,,Walkways/Entryways/Sidewalks,In Progress,contractor_bid_2,High,Install handrails on front entry,
repair_8,2021-07-21 21:41:28,service_app_158,1.0,,,Appliances,Work Completed,contractor_bid_3,Medium,Install new range vent in kitchen,
repair_9,2021-07-21 21:43:07,service_app_158,1.0,,Repair,Roof,In Progress,contractor_bid_2,High,Repair edges of roof,
repair_10,2021-07-27 16:23:17,service_app_158,1.0,,,Grab Bars/Railings,Work Completed,,Critical,Grab bars installed in bathroom/shower,
repair_11,2021-07-27 16:47:45,service_app_158,2.0,,Exterior,Doors/Locks,Work Completed,contractor_bid_3,High,Replace exterior front entry door and security door,
repair_12,2021-07-28 15:29:52,service_app_151,,,Replacement,Roof,In Progress,,High,,
repair_13,2021-07-28 15:41:27,service_app_161,,project_0,,Tub/Tile,Assigned,contractor_bid_5,Critical,-Convert bathtub to shower with tile surround and handheld shower combo kit,
repair_14,2021-07-28 15:42:17,service_app_161,3.0,project_0,,Grab Bars/Railings,Assigned,contractor_bid_5,Critical,-re-install 3 grab bars in bathroom,
repair_15,2021-07-28 15:43:49,service_app_161,2.0,project_0,,Cabinets,Assigned,contractor_bid_5,Low,-Repair loose bathroom vanity cabinet -Install new vanity top -Install vanity new faucet,
repair_16,2021-07-28 15:51:44,service_app_161,,project_0,,Handrails,Assigned,,High,-Install exterior handrails down the sidewalk extending to driveway,
repair_17,2021-07-28 16:04:19,service_app_161,,project_0,,Appliances,Assigned,,Medium,-New over the stove exhaust hood,
repair_18,2021-07-28 15:56:00,service_app_161,,project_0,,Bathroom,Assigned,contractor_bid_5,High,-Install bathroom fan,
repair_19,2021-07-28 16:03:30,service_app_161,,project_0,,Appliances,Assigned,,High,-New range,
repair_20,2021-07-28 16:08:28,service_app_161,,project_0,,Kitchen,Assigned,contractor_bid_5,High,-Convert wall oven cabinet to pantry/storage -Remove stovetop & base cabinet to replace with range -Replace countertops -New sink faucet -Replace vent hood with new recirculating hood,
repair_21,2021-07-28 16:29:19,service_app_161,1.0,project_0,Test,Lead Safety,Need Identified,,Critical,,
repair_22,2021-07-28 16:15:40,service_app_161,,project_0,Critical,HVAC,Assigned,contractor_bid_6,High,-Install new unit including ductwork (no current central a/c),
repair_23,2021-07-28 16:16:17,service_app_161,,project_0,Exterior,Doors/Locks,Assigned,contractor_bid_5,High,-Install new back patio door,
repair_24,2021-07-28 16:26:54,service_app_161,,project_0,Fire Extinguishers,Safety Items,Assigned,,High,RTN,
repair_25,2021-07-28 16:27:54,service_app_161,,project_0,Smoke Detectors,Safety Items,Assigned,,High,RTN,
repair_26,2023-03-31 16:21:21,service_app_190,,,Repair,Roof,Need Identified,,,,
repair_27,2023-03-31 16:21:21,service_app_190,,,Replacement,Windows,Need Identified,,,,
repair_28,2023-03-31 16:21:21,service_app_190,,,Install,Ramps/Lifts,Need Identified,,,,
repair_29,2023-04-05 20:16:58,service_app_191,,,convert tub to shower,Bathroom,Work Completed,,,,
repair_30,2023-04-05 20:16:58,service_app_191,,,,Gutters,Work Completed,,,,
repair_31,2023-04-05 20:16:58,service_app_191,,,,Flooring,Work Completed,,,,
repair_32,2023-04-26 16:34:34,service_app_193,,,,HVAC,Work Completed,,,,
repair_33,2023-04-26 16:34:34,service_app_193,,,,Roof,Work Completed,,,,
repair_34,2023-04-26 16:34:34,service_app_193,,,,Gutters,Work Completed,,,,
repair_35,2023-04-26 17:00:19,service_app_194,,,,Foundation,Need Identified,,,,
repair_36,2023-04-26 17:00:19,service_app_194,,,,Exterior,Need Identified,,,,
repair_37,2023-04-26 18:58:19,service_app_198,,,,Roof,Work Completed,,,,
repair_38,2023-04-26 18:58:19,service_app_198,,,Stove,Appliances,Work Completed,,,,
repair_39,2023-04-26 18:58:19,service_app_198,,,,Flooring,Work Completed,,,,
repair_40,2023-06-26 14:20:44,service_app_205,,,Replacement,Roof,Work Completed,,,,
repair_41,2023-06-26 14:20:44,service_app_205,,,,Gutters,Work Completed,,,,
repair_42,2023-06-26 14:20:44,service_app_205,,,,Walkways/Entryways/Sidewalks,Work Completed,,,,
repair_43,2021-08-10 14:48:01,service_app_161,1.0,project_0,,Appliances,Assigned,,Medium,-new washing machine,
repair_44,2022-11-30 20:06:18,service_app_117,6.0,,Replacement,Windows,Work Completed,,Medium,"Windows seals, Bay window are rotten on the exterior-some signs in exterior",
repair_45,2022-11-30 20:07:03,service_app_117,1.0,,Stove,Appliances,Work Completed,,Medium,Dishwasher does not work,
repair_46,2022-12-05 16:52:47,service_app_120,1.0,,,Flooring,Work Completed,,High,Kitchen Floor,
repair_47,2022-12-07 15:09:36,service_app_120,1.0,,replace toilet with comfort height ADA toilet,Bathroom,Work Completed,,Medium,Bathroom Tile,
repair_48,2022-12-07 15:13:39,service_app_120,1.0,,,Appliances,Work Completed,,Medium,Dryer -Needs opening outside for heat to go out,
repair_49,2022-12-07 17:04:58,service_app_101,,project_1,,Bathroom,Assigned,contractor_bid_0,High,"-replace flooring, vanity, toilet and tub surround in hall bathroom",
repair_50,2022-12-07 17:34:05,service_app_101,,project_1,Landscaping,Yardwork,Assigned,,Critical,"Create erosion control measures including straw wattles, plant 3 trees, install rain garden- Barge Volunteers",
repair_51,2022-12-07 17:36:21,service_app_101,,project_1,,Exterior,Assigned,contractor_bid_0,Critical,"-Install French Drain around the back of the house, around the left side and create a well at the front left corner of house to help mitigate water from around foundation",
repair_52,2022-12-07 17:37:24,service_app_101,1.0,project_1,,Foundation,Assigned,contractor_bid_0,Critical,"-Repair piers, joists and subfloor where needed to provide proper structural support to home",
repair_53,2023-10-23 17:47:40,service_app_174,,,,Gutters,Work Completed,,,,
repair_54,2023-10-23 17:48:50,service_app_174,,,,Exterior,Work Completed,,,,
repair_55,2023-10-23 17:52:29,service_app_122,,,convert tub to shower,Bathroom,Work Completed,,,,
repair_56,2023-10-23 17:55:31,service_app_122,,,Security door,Doors/Locks,Work Completed,,,,
repair_57,2023-10-23 17:49:52,service_app_174,,,,Yardwork,Work Completed,,,,
repair_58,2023-10-23 17:51:24,service_app_122,,,,Roof,Work Completed,,,,
repair_59,2023-10-23 17:52:02,service_app_122,,,replace flooring,Bathroom,Work Completed,,,,
repair_60,2023-10-23 17:53:11,service_app_122,,,replace toilet with comfort height ADA toilet,Bathroom,Work Completed,,,,
repair_61,2023-10-23 17:58:53,service_app_122,,,Replacement,Windows,Work Completed,,,,
repair_62,2023-10-23 17:53:46,service_app_122,,,,Bathroom,Work Completed,,,,
repair_63,2023-10-23 18:00:33,service_app_122,,,,Handrails,Work Completed,,,,
repair_64,2023-10-23 17:54:34,service_app_122,,,Security door,Doors/Locks,Work Completed,,,,
repair_65,2023-10-23 17:55:03,service_app_122,,,Security door,Doors/Locks,Work Completed,,,,
repair_66,2023-10-23 18:25:49,service_app_121,,,Replacement,Windows,Work Completed,,,,
repair_67,2023-10-23 18:26:26,service_app_121,,,Replacement,Windows,Work Completed,,,,
repair_68,2023-10-23 17:56:03,service_app_122,,,Replacement,Windows,Work Completed,,,,
repair_69,2023-10-23 17:58:18,service_app_122,,,Replacement,Windows,Work Completed,,,,
repair_70,2023-10-23 17:58:36,service_app_122,,,Replacement,Windows,Work Completed,,,,
repair_71,2023-10-23 18:11:03,service_app_121,,,convert tub to shower,Bathroom,Work Completed,,,,
repair_72,2023-10-23 17:56:21,service_app_122,,,Replacement,Windows,Work Completed,,,,
repair_73,2023-10-23 17:57:00,service_app_122,,,Replacement,Windows,Work Completed,,,,
repair_74,2023-10-23 17:59:47,service_app_122,,,Stove,Appliances,Work Completed,,,,
repair_75,2023-10-23 17:56:40,service_app_122,,,Replacement,Windows,Work Completed,,,,
repair_76,2023-10-23 18:00:49,service_app_122,,,,Handrails,Work Completed,,,,
repair_77,2023-10-23 18:03:01,service_app_122,,,Caulking,Weatherization,Work Completed,,,,
repair_78,2023-10-23 18:00:14,service_app_122,,,,Grab Bars/Railings,Work Completed,,,,
repair_79,2023-10-23 18:01:44,service_app_122,,,Replacement,Waterheater,Work Completed,,,,
repair_80,2023-10-23 18:10:47,service_app_121,,,replace toilet with comfort height ADA toilet,Bathroom,Work Completed,,,,
repair_81,2023-10-23 18:02:06,service_app_122,,,,Flooring,Work Completed,,,,
repair_82,2023-10-23 18:11:20,service_app_121,,,install fan vented to exterior of home,Bathroom,Work Completed,,,,
repair_83,2023-10-23 18:12:05,service_app_121,,,replace vanity,Bathroom,Work Completed,,,,
repair_84,2023-10-23 18:12:26,service_app_121,,,,Bathroom,Work Completed,,,,
repair_85,2023-10-23 18:15:14,service_app_121,,,Replacement,Windows,Work Completed,,,,
repair_86,2023-10-23 18:25:30,service_app_121,,,Replacement,Windows,Work Completed,,,,
repair_87,2023-10-23 18:26:07,service_app_121,,,Replacement,Windows,Work Completed,,,,
repair_88,2023-10-23 18:39:19,service_app_113,,,,Kitchen,Work Completed,,,,
repair_89,2023-10-23 18:39:46,service_app_113,,,,Tub/Tile,Work Completed,,,,
repair_90,2023-10-23 18:26:43,service_app_121,,,Replacement,Windows,Work Completed,,,,
repair_91,2023-10-23 18:27:08,service_app_121,,,Replacement,Windows,Work Completed,,,,
repair_92,2023-10-23 18:27:54,service_app_121,,,Replacement,Windows,Work Completed,,,,
repair_93,2023-10-23 18:28:32,service_app_121,,,Replacement,Windows,Work Completed,,,,
repair_94,2023-10-23 18:27:24,service_app_121,,,Replacement,Windows,Work Completed,,,,
repair_95,2023-10-23 18:33:48,service_app_113,,,,Gutters,Work Completed,,,,
repair_96,2023-10-23 18:27:40,service_app_121,,,Replacement,Windows,Work Completed,,,,
repair_97,2023-10-23 18:33:21,service_app_113,,,Replacement,Roof,Work Completed,,,,
repair_98,2023-10-23 18:37:45,service_app_113,,,,Flooring,Work Completed,,,,
repair_99,2023-10-23 18:28:16,service_app_121,,,Replacement,Windows,Work Completed,,,,
repair_100,2023-10-23 18:34:17,service_app_113,,,,Exterior,Work Completed,,,,
repair_101,2023-10-23 18:45:56,service_app_191,,,Vinyl,Exterior,Work Completed,,,,
repair_102,2023-10-23 19:01:43,service_app_120,,,Refrigerator,Appliances,Work Completed,,,,
repair_103,2023-10-23 18:35:28,service_app_113,,,,Bathroom,Work Completed,,,,
repair_104,2023-10-23 18:36:06,service_app_113,,,replace flooring,Bathroom,Work Completed,,,,
repair_105,2023-10-23 18:36:33,service_app_113,,,replace toilet with comfort height ADA toilet,Bathroom,Work Completed,,,,
repair_106,2023-10-23 18:38:42,service_app_113,,,,Appliances,Work Completed,,,,
repair_107,2023-10-23 19:01:22,service_app_120,,,,Flooring,Work Completed,,,,
repair_108,2023-10-23 19:02:07,service_app_120,,,Stove,Appliances,Work Completed,,,,
repair_109,2023-10-23 19:08:29,service_app_173,,,Landscaping,Yardwork,Work Completed,,,,
repair_110,2023-10-23 18:44:02,service_app_191,,,,Deck/Porch,Work Completed,,,,
repair_111,2023-10-23 18:46:54,service_app_191,,,replace toilet with comfort height ADA toilet,Bathroom,Work Completed,,,,
repair_112,2023-10-23 18:49:21,service_app_191,,,,Appliances,Work Completed,,,,
repair_113,2023-10-23 18:47:19,service_app_191,,,,Grab Bars/Railings,Work Completed,,,,
repair_114,2023-10-23 18:48:28,service_app_191,,,Minor,Electrical,Work Completed,,,,
repair_115,2023-10-23 18:56:30,service_app_120,,,replace vanity,Bathroom,Work Completed,,,,
repair_116,2023-10-23 19:12:32,service_app_173,,,,Flooring,Work Completed,,,,
repair_117,2023-10-23 18:52:46,service_app_120,8.0,,Replacement,Windows,Work Completed,,,,
repair_118,2023-10-23 19:02:38,service_app_120,,,Dishwasher,Appliances,Work Completed,,,,
repair_119,2023-10-23 19:03:14,service_app_120,,,,Kitchen,Work Completed,,,,
repair_120,2023-10-23 19:04:09,service_app_120,,,,Lighting,Work Completed,,,,
repair_121,2023-10-23 19:01:02,service_app_120,,,install fan vented to exterior of home,Bathroom,Work Completed,,,,
repair_122,2023-10-23 19:08:59,service_app_173,,,replace toilet with comfort height ADA toilet,Bathroom,Work Completed,,,,
repair_123,2023-10-23 19:09:29,service_app_173,,,replace toilet with comfort height ADA toilet,Bathroom,Work Completed,,,,
repair_124,2023-10-23 19:09:58,service_app_173,,,Security door,Doors/Locks,Work Completed,,,,
repair_125,2023-10-23 19:11:03,service_app_173,,,replace vanity,Bathroom,Work Completed,,,,
repair_126,2023-10-23 19:10:31,service_app_173,,,Security door,Doors/Locks,Work Completed,,,,
repair_127,2023-10-23 19:11:40,service_app_173,,,,Grab Bars/Railings,Work Completed,,,,
repair_128,2023-10-23 20:55:32,service_app_119,,,Security door,Doors/Locks,Need Identified,,Medium,,1200.0
repair_129,2022-12-19 20:38:16,service_app_173,,,Repair,Roof,Work Completed,,,,
repair_130,2022-12-19 20:38:16,service_app_173,,,Replacement,Roof,Work Completed,,,,
repair_131,2022-12-19 20:38:16,service_app_173,,,,Plumbing,Work Completed,,,,
repair_132,2023-01-17 16:24:01,service_app_174,,,Replacement,Roof,Work Completed,,,,
repair_133,2023-02-10 20:32:11,service_app_121,,,replace flooring,Bathroom,Work Completed,,,,
repair_134,2023-02-10 20:39:02,service_app_121,,,Exterior,Painting,Work Completed,,Medium,,
repair_135,2023-02-10 20:34:56,service_app_121,,,,Flooring,Work Completed,,,,
repair_136,2023-02-10 20:52:11,service_app_121,,,,Grab Bars/Railings,Work Completed,,Medium,,
repair_137,2023-02-16 18:15:32,service_app_117,2.0,,replace toilet with comfort height ADA toilet,Bathroom,Work Completed,,High,,
repair_138,2023-02-16 18:15:32,service_app_117,1.0,,,Carpet,Work Completed,,High,,
repair_139,2023-02-16 18:15:33,service_app_117,2.0,,Exterior,Doors/Locks,Work Completed,,High,,
repair_140,2023-02-16 18:15:33,service_app_117,,,,Flooring,Work Completed,,,,
repair_141,2023-02-16 18:15:33,service_app_117,,,,Framing,Work Completed,,,,
repair_142,2023-02-16 18:15:33,service_app_117,,,,Grab Bars/Railings,Work Completed,,,,
repair_143,2023-02-16 18:15:33,service_app_117,,,,Pest Control,Work Completed,,,,
repair_144,2023-02-16 18:16:07,service_app_117,1.0,,replace flooring,Bathroom,Work Completed,,High,,
repair_145,2023-02-16 18:16:25,service_app_117,1.0,,replace faucet,Bathroom,Work Completed,,High,,
repair_146,2023-02-17 20:21:08,service_app_175,,,,Foundation,Need Identified,,,,
repair_147,2023-02-17 20:21:08,service_app_175,,,,Bathroom,Need Identified,,,,
repair_148,2023-02-22 21:06:30,service_app_176,,,Critical,Electrical,Work Completed,,,,
repair_149,2023-03-01 22:12:43,service_app_177,,,Replacement,Windows,Canceled,,,,
repair_150,2023-03-01 22:12:43,service_app_177,,,,Electrical,Work Completed,,,,
repair_151,2023-03-01 22:12:43,service_app_177,,,,Flooring,Work Completed,,,,
repair_152,2023-03-08 17:55:35,service_app_178,,,,Handrails,Need Identified,,,,
repair_153,2023-03-08 17:55:35,service_app_178,,,Replacement,Windows,Need Identified,,,,
repair_154,2023-03-08 17:55:35,service_app_178,,,,Plumbing,Need Identified,,,,
repair_155,2023-03-08 18:46:20,service_app_179,,,,Tub/Tile,Work Completed,,,,
repair_156,2023-03-08 18:46:20,service_app_179,,,Stove,Appliances,Work Completed,,,,
repair_157,2023-07-28 16:19:39,service_app_177,,,Replacement,Roof,Work Completed,,,,
repair_158,2023-07-28 16:25:34,service_app_177,,,,Exterior,Work Completed,,High,,
repair_159,2023-07-28 16:20:51,service_app_177,,,Critical,Plumbing,Work Completed,,,,
repair_160,2023-07-28 16:25:06,service_app_177,,,,Gutters,Work Completed,,,,
repair_161,2024-05-02 16:22:00,service_app_212,2.0,,replace toilet with comfort height ADA toilet,Bathroom,Work Completed,,Medium,,
repair_162,2024-05-02 16:59:37,service_app_214,,,,Grab Bars/Railings,Assigned,,,,
repair_163,2024-05-02 16:17:53,service_app_212,1.0,,Replacement,Roof,Work Completed,,High,,
repair_164,2024-05-02 16:18:44,service_app_212,1.0,,,Cabinets,In Progress,,Low,,
repair_165,2024-05-02 16:19:20,service_app_212,2.0,,,Ceiling,Need Identified,,High,,
repair_166,2024-05-02 16:20:07,service_app_212,,,,Carpet,Need Identified,,Medium,,
repair_167,2024-05-02 16:23:10,service_app_212,2.0,,Exterior,Doors/Locks,Work Completed,,High,,
repair_168,2024-05-02 16:23:35,service_app_212,2.0,,Security door,Doors/Locks,Need Identified,,Medium,,
repair_169,2024-05-02 16:24:50,service_app_212,1.0,,,Flooring,Work Completed,,High,,
repair_170,2024-05-02 16:25:29,service_app_212,1.0,,Critical,HVAC,Need Identified,,High,,
repair_171,2024-05-02 16:26:53,service_app_212,,,Test,Lead Safety,Work Completed,,Low,,
repair_172,2024-05-02 16:56:35,service_app_214,,,,Flooring,Assigned,,,,
repair_173,2024-05-02 16:57:11,service_app_214,,,,Cabinets,Assigned,,,,
repair_174,2024-05-02 16:58:20,service_app_214,3.0,,Interior,Doors/Locks,Assigned,,,,
repair_175,2024-05-02 16:58:54,service_app_214,,,Replacement,Roof,Assigned,,,,
repair_176,2024-05-02 17:01:02,service_app_214,,,replace toilet with comfort height ADA toilet,Bathroom,Assigned,,,,
repair_177,2024-05-02 17:01:43,service_app_214,,,replace vanity,Bathroom,Assigned,,,,
repair_178,2024-05-02 17:06:25,service_app_189,,,Critical,Electrical,Need Identified,,High,,
repair_179,2024-05-02 17:06:52,service_app_189,,,,Cabinets,Need Identified,,,,
repair_180,2024-05-02 17:07:37,service_app_189,,,,Flooring,Need Identified,,,,
repair_181,2024-05-02 17:10:31,service_app_189,,,Exterior,Doors/Locks,Need Identified,,,,
repair_182,2024-05-02 17:11:27,service_app_189,,,Critical,Plumbing,Need Identified,,,,
repair_183,2024-05-02 17:12:00,service_app_189,,,Replacement,Roof,Need Identified,,,,
repair_184,2024-05-03 18:53:34,service_app_204,,,Exterior,Doors/Locks,Need Identified,,,,
repair_185,2024-05-03 18:51:08,service_app_204,1.0,,convert tub to shower,Bathroom,Work Completed,,,,
repair_186,2024-05-03 19:25:17,service_app_180,2.0,,Security door,Doors/Locks,Work Completed,,,,
repair_187,2024-05-03 19:05:48,service_app_207,1.0,,Install,Ramps/Lifts,Work Completed,,,,
repair_188,2024-05-03 19:06:45,service_app_207,2.0,,Security door,Doors/Locks,Work Completed,,,,
repair_189,2024-05-03 19:28:01,service_app_180,,,replace flooring,Bathroom,Work Completed,,,,
repair_190,2024-05-03 18:52:10,service_app_204,2.0,,replace toilet with comfort height ADA toilet,Bathroom,Work Completed,,,,
repair_191,2024-05-03 18:58:05,service_app_183,,,,Bathroom,Work Completed,,,,
repair_192,2024-05-03 18:52:59,service_app_204,,,,Carpet,Work Completed,,,,
repair_193,2024-05-03 19:00:02,service_app_183,,,convert tub to shower,Bathroom,Need Identified,,,,
repair_194,2024-05-03 19:16:40,service_app_208,,,new handheld shower head,Bathroom,Work Completed,,,,
repair_195,2024-05-03 18:56:55,service_app_183,,,,Carpet,Need Identified,,,,
repair_196,2024-05-03 18:58:41,service_app_183,,,replace toilet with comfort height ADA toilet,Bathroom,Work Completed,,,,
repair_197,2024-05-03 18:59:06,service_app_183,,,replace vanity,Bathroom,Work Completed,,,,
repair_198,2024-05-03 18:59:24,service_app_183,,,replace flooring,Bathroom,Work Completed,,,,
repair_199,2024-05-03 19:00:38,service_app_183,,,install fan vented to exterior of home,Bathroom,Work Completed,,,,
repair_200,2024-05-03 19:31:44,service_app_180,,,Minor,Electrical,Work Completed,,,,
repair_201,2024-05-03 19:00:58,service_app_183,,,replace toilet with comfort height ADA toilet,Bathroom,Work Completed,,,,
repair_202,2024-05-03 19:01:34,service_app_183,,,,Flooring,Work Completed,,,,
repair_203,2024-05-03 19:11:52,service_app_208,,,Test,Lead Safety,Work Completed,,,,
repair_204,2024-05-03 19:04:35,service_app_207,,,Test,Lead Safety,Work Completed,,,,
repair_205,2024-05-03 19:06:19,service_app_207,2.0,,Exterior,Doors/Locks,Work Completed,,,,
repair_206,2024-05-03 19:07:43,service_app_207,,,,Kitchen,Work Completed,,,,
repair_207,2024-05-03 19:09:20,service_app_207,,,,Flooring,Work Completed,,,,
repair_208,2024-05-03 19:10:00,service_app_207,,,,Ceiling,Work Completed,,,,
repair_209,2024-05-03 19:12:49,service_app_208,,,,Gutters,Work Completed,,,,
repair_210,2024-05-03 19:14:48,service_app_208,,,,Handrails,Work Completed,,,,
repair_211,2024-05-03 19:33:31,service_app_180,,,,Painting,Work Completed,,,,
repair_212,2024-05-03 19:15:06,service_app_208,,,,Ceiling,Work Completed,,,,
repair_213,2024-05-03 19:15:37,service_app_208,2.0,,replace toilet with comfort height ADA toilet,Bathroom,Work Completed,,,,
repair_214,2024-05-03 19:15:57,service_app_208,,,convert tub to shower,Bathroom,Work Completed,,,,
repair_215,2024-05-03 19:16:17,service_app_208,,,replace flooring,Bathroom,Work Completed,,,,
repair_216,2024-05-03 19:17:11,service_app_208,,,,Grab Bars/Railings,Work Completed,,,,
repair_217,2024-05-03 19:17:58,service_app_208,,,Entry door,Doors/Locks,Work Completed,,,,
repair_218,2024-05-03 19:18:24,service_app_208,,,Exterior,Doors/Locks,Work Completed,,,,
repair_219,2024-05-03 19:18:48,service_app_208,,,Security door,Doors/Locks,Work Completed,,,,
repair_220,2024-05-03 19:19:15,service_app_208,,,Interior,Painting,Work Completed,,,,
repair_221,2024-05-03 19:22:42,service_app_180,,,Replacement,Roof,Work Completed,,,,
repair_222,2024-05-03 19:23:12,service_app_180,,,,Gutters,Work Completed,,,,
repair_223,2024-05-03 19:24:00,service_app_180,,,,Gutters,Need Identified,,,,
repair_224,2024-05-03 19:24:27,service_app_180,,,Install,Ramps/Lifts,Work Completed,,,,
repair_225,2024-05-03 19:24:55,service_app_180,2.0,,Exterior,Doors/Locks,Work Completed,,,,
repair_226,2024-05-03 19:26:18,service_app_180,,,,Plumbing,Work Completed,,,,
repair_227,2024-05-03 19:26:44,service_app_180,,,convert tub to shower,Bathroom,Work Completed,,,,
repair_228,2024-05-03 19:27:18,service_app_180,,,,Bathroom,Work Completed,,,,
repair_229,2024-05-03 19:27:40,service_app_180,,,replace toilet with comfort height ADA toilet,Bathroom,Work Completed,,,,
repair_230,2024-05-03 19:28:20,service_app_180,,,replace vanity,Bathroom,Work Completed,,,,
repair_231,2024-05-03 19:28:57,service_app_180,,,,Bathroom,Work Completed,,,,
repair_232,2024-05-03 19:30:24,service_app_180,,,,Appliances,Work Completed,,,,
repair_233,2024-05-03 19:33:46,service_app_180,,,,Appliances,Work Completed,,,,
repair_234,2024-05-03 19:30:50,service_app_180,,,,Cabinets,Work Completed,,,,
repair_235,2024-05-03 19:31:27,service_app_180,,,,Kitchen,Work Completed,,,,
repair_236,2024-05-03 19:32:40,service_app_180,,,,,Need Identified,,,,
repair_237,2024-05-03 19:33:08,service_app_180,,,,Flooring,Work Completed,,,,
repair_238,2024-05-07 14:27:53,service_app_114,,,Replacement,Waterheater,Work Completed,,,,
repair_239,2024-05-07 15:04:53,service_app_184,,,,Kitchen,Work Completed,,,,
repair_240,2024-05-07 14:18:26,service_app_114,1.0,,Test,Lead Safety,Work Completed,,,,
repair_241,2024-05-07 14:18:54,service_app_114,,,,Electrical,Work Completed,,,,
repair_242,2024-05-07 15:19:44,service_app_192,,,,Flooring,Work Completed,,,,
repair_243,2024-05-07 14:19:37,service_app_114,,,convert tub to shower,Bathroom,Work Completed,,,,
repair_244,2024-05-07 14:19:57,service_app_114,,,,HVAC,Work Completed,,,,
repair_245,2024-05-07 14:20:30,service_app_114,3.0,,,Handrails,Work Completed,,,,
repair_246,2024-05-07 14:21:02,service_app_114,,,,Deck/Porch,Work Completed,,,,
repair_247,2024-05-07 14:58:20,service_app_198,,,install fan vented to exterior of home,Bathroom,Work Completed,,,,
repair_248,2024-05-07 14:21:38,service_app_114,2.0,,Exterior,Doors/Locks,Work Completed,,,,
repair_249,2024-05-07 14:21:57,service_app_114,2.0,,Security door,Doors/Locks,Work Completed,,,,
repair_250,2024-05-07 14:22:17,service_app_114,,,Interior,Doors/Locks,Work Completed,,,,
repair_251,2024-05-07 14:24:09,service_app_114,,,,,Work Completed,,,,
repair_252,2024-05-07 14:25:45,service_app_114,,,,Foundation,Work Completed,,,,
repair_253,2024-05-07 14:26:16,service_app_114,,,,Appliances,Work Completed,,,,
repair_254,2024-05-07 15:17:34,service_app_192,,,,Waterheater,Work Completed,,,,
repair_255,2024-05-07 14:28:34,service_app_114,,,,Appliances,Work Completed,,,,
repair_256,2024-05-07 14:30:21,service_app_119,,,Test,Lead Safety,Work Completed,,,,
repair_257,2024-05-07 14:31:07,service_app_119,,,,HVAC,Work Completed,,,,
repair_258,2024-05-07 14:31:52,service_app_119,,,Replacement,Roof,Work Completed,,,,
repair_259,2024-05-07 14:32:26,service_app_119,,,,Gutters,Work Completed,,,,
repair_260,2024-05-07 15:48:39,service_app_200,,,Test,Lead Safety,Work Completed,,,,
repair_261,2024-05-07 14:33:18,service_app_119,2.0,,Exterior,Doors/Locks,Work Completed,,,,
repair_262,2024-05-07 15:28:12,service_app_192,,,Minor,Electrical,Work Completed,,,,
repair_263,2024-05-07 14:33:56,service_app_119,2.0,,Security door,Doors/Locks,Work Completed,,,,
repair_264,2024-05-07 14:37:38,service_app_119,,,convert tub to shower,Bathroom,Work Completed,,,,
repair_265,2024-05-07 14:38:02,service_app_119,,,replace flooring,Bathroom,Work Completed,,,,
repair_266,2024-05-07 14:38:50,service_app_119,,,,Foundation,Work Completed,,,,
repair_267,2024-05-07 14:42:04,service_app_198,,,,Debris Removal,Work Completed,,,,
repair_268,2024-05-07 14:42:59,service_app_198,,,,Gutters,Work Completed,,,,
repair_269,2024-05-07 14:44:01,service_app_198,,,,Exterior,Work Completed,,,,
repair_270,2024-05-07 14:44:45,service_app_198,1.0,,,Handrails,Work Completed,,,,
repair_271,2024-05-07 14:45:57,service_app_198,,,,Flooring,Work Completed,,,,
repair_272,2024-05-07 14:46:19,service_app_198,,,,Cabinets,Work Completed,,,,
repair_273,2024-05-07 14:49:49,service_app_198,2.0,,Exterior,Doors/Locks,Work Completed,,,,
repair_274,2024-05-07 14:50:42,service_app_198,2.0,,Security door,Doors/Locks,Work Completed,,,,
repair_275,2024-05-07 14:51:10,service_app_198,4.0,,Replacement,Windows,Work Completed,,,,
repair_276,2024-05-07 14:53:59,service_app_198,,,,Ceiling,Work Completed,,,,
repair_277,2024-05-07 14:54:19,service_app_198,,,,Appliances,Work Completed,,,,
repair_278,2024-05-07 14:56:00,service_app_198,,,,Mold Remediation,Work Completed,,,,
repair_279,2024-05-07 14:56:45,service_app_198,,,,Drywall,Work Completed,,,,
repair_280,2024-05-07 14:57:24,service_app_198,,,replace vanity,Bathroom,Work Completed,,,,
repair_281,2024-05-07 14:57:51,service_app_198,,,replace toilet with comfort height ADA toilet,Bathroom,Work Completed,,,,
repair_282,2024-05-07 15:03:51,service_app_184,,,,Flooring,Work Completed,,,,
repair_283,2024-05-07 15:04:13,service_app_184,,,,HVAC,Work Completed,,,,
repair_284,2024-05-07 15:06:37,service_app_184,,,Exterior,Doors/Locks,Work Completed,,,,
repair_285,2024-05-07 15:06:59,service_app_184,,,Security door,Doors/Locks,Work Completed,,,,
repair_286,2024-05-07 15:07:15,service_app_184,,,,Ceiling,Work Completed,,,,
repair_287,2024-05-07 15:07:29,service_app_184,,,,Appliances,Work Completed,,,,
repair_288,2024-05-07 15:07:45,service_app_184,,,,Lead Safety,Work Completed,,,,
repair_289,2024-05-07 15:09:14,service_app_192,,,Test,Lead Safety,Work Completed,,,,
repair_290,2024-05-07 15:09:33,service_app_192,,,,Cabinets,Work Completed,,,,
repair_291,2024-05-07 15:16:15,service_app_192,,,Exterior,Doors/Locks,Work Completed,,,,
repair_292,2024-05-07 15:16:38,service_app_192,2.0,,Security door,Doors/Locks,Work Completed,,,,
repair_293,2024-05-07 16:01:40,service_app_201,,,,Kitchen,Work Completed,,,,
repair_294,2024-05-07 15:30:31,service_app_199,,,,Electrical,Work Completed,,,,
repair_295,2024-05-07 15:28:29,service_app_192,,,,Appliances,Work Completed,,,,
repair_296,2024-05-07 15:29:39,service_app_199,,,Test,Lead Safety,Work Completed,,,,
repair_297,2024-05-07 15:30:09,service_app_199,,,,HVAC,Work Completed,,,,
repair_298,2024-05-07 15:34:44,service_app_199,2.0,,,Grab Bars/Railings,Work Completed,,,,
repair_299,2024-05-07 15:36:52,service_app_199,,,,Lighting,Work Completed,,,,
repair_300,2024-05-07 15:37:16,service_app_199,2.0,,Exterior,Doors/Locks,Work Completed,,,,
repair_301,2024-05-07 15:37:34,service_app_199,2.0,,Security door,Doors/Locks,Work Completed,,,,
repair_302,2024-05-07 15:38:00,service_app_199,,,Interior,Doors/Locks,Work Completed,,,,
repair_303,2024-05-07 15:39:06,service_app_199,,,,Flooring,Work Completed,,,,
repair_304,2024-05-07 15:54:38,service_app_200,,,Replacement,Roof,Work Completed,,,,
repair_305,2024-05-07 15:41:42,service_app_199,,,,Cabinets,Work Completed,,,,
repair_306,2024-05-07 15:44:22,service_app_199,,,,Kitchen,Work Completed,,,,
repair_307,2024-05-07 15:44:51,service_app_199,2.0,,replace toilet with comfort height ADA toilet,Bathroom,Need Identified,,,,
repair_308,2024-05-07 15:45:19,service_app_199,,,replace vanity,Bathroom,Work Completed,,,,
repair_309,2024-05-07 15:45:36,service_app_199,,,convert tub to shower,Bathroom,Work Completed,,,,
repair_310,2024-05-07 15:45:58,service_app_199,,,Interior,Painting,Work Completed,,,,
repair_311,2024-05-07 15:46:19,service_app_199,,,,Appliances,Work Completed,,,,
repair_312,2024-05-07 15:46:43,service_app_199,,,,Grab Bars/Railings,Work Completed,,,,
repair_313,2024-05-07 16:01:15,service_app_201,,,Refrigerator,Appliances,Work Completed,,,,
repair_314,2024-05-07 15:51:50,service_app_200,,,Landscaping,Yardwork,Work Completed,,,,
repair_315,2024-05-07 15:52:48,service_app_200,,,,Gutters,Work Completed,,,,
repair_316,2024-05-07 15:55:04,service_app_200,5.0,,Replacement,Windows,Work Completed,,,,
repair_317,2024-05-07 15:55:35,service_app_200,1.0,,Exterior,Doors/Locks,Work Completed,,,,
repair_318,2024-05-07 15:56:03,service_app_200,,,Critical,Electrical,Work Completed,,,,
repair_319,2024-05-07 15:58:08,service_app_201,,,Test,Lead Safety,Work Completed,,,,
repair_320,2024-05-07 15:58:57,service_app_201,,,Replacement,Roof,Work Completed,,,,
repair_321,2024-05-07 15:59:23,service_app_201,,,,Gutters,Work Completed,,,,
repair_322,2024-05-07 15:59:52,service_app_201,,,Vinyl,Siding,Work Completed,,,,
repair_323,2024-05-07 16:00:45,service_app_201,,,,Cabinets,Work Completed,,,,
repair_324,2024-05-07 16:02:31,service_app_201,,,,Ceiling,Work Completed,,,,
repair_325,2024-05-07 16:02:58,service_app_201,,,convert tub to shower,Bathroom,Work Completed,,,,
repair_326,2024-05-07 16:03:29,service_app_201,2.0,,Security door,Doors/Locks,Work Completed,,,,
repair_327,2024-05-07 16:04:26,service_app_201,,,replace flooring,Bathroom,Work Completed,,,,
repair_328,2024-05-07 16:05:13,service_app_201,,,,Drywall,Work Completed,,,,
repair_329,2024-05-07 16:05:37,service_app_201,,,install fan vented to exterior of home,Bathroom,Work Completed,,,,
repair_330,2024-05-07 16:06:39,service_app_201,,,,Appliances,Work Completed,,,,
repair_331,2024-05-07 16:08:23,service_app_201,,,,Foundation,Work Completed,,,,
repair_332,2024-05-07 16:09:18,service_app_210,,,,Gutters,Work Completed,,,,
repair_333,2024-05-07 16:09:40,service_app_210,,,Vinyl,Siding,Work Completed,,,,
repair_334,2024-05-07 16:53:41,service_app_210,,,Security door,Doors/Locks,Work Completed,,,,
repair_335,2024-05-07 16:52:44,service_app_210,,,Minor,Electrical,Work Completed,,,,
repair_336,2024-05-07 16:53:17,service_app_210,1.0,,Exterior,Doors/Locks,Work Completed,,,,
repair_337,2024-05-07 16:54:16,service_app_210,,,install fan vented to exterior of home,Bathroom,Work Completed,,,,
repair_338,2024-05-07 16:54:42,service_app_210,,,,Grab Bars/Railings,Work Completed,,,,
repair_339,2024-05-07 16:55:15,service_app_210,,,Exterior,Doors/Locks,Work Completed,,,,
repair_340,2024-05-07 18:00:38,service_app_210,,,,Drywall,Work Completed,,,,
repair_341,2024-05-07 18:28:11,service_app_179,2.0,,Replacement,Windows,Work Completed,,,,
repair_342,2024-05-07 18:01:29,service_app_210,,,,Cabinets,Work Completed,,,,
repair_343,2024-05-07 18:19:04,service_app_176,,,,Gutters,Work Completed,,,,
repair_344,2024-05-07 18:13:54,service_app_182,,,Critical,Electrical,Work Completed,,,,
repair_345,2024-05-07 18:01:11,service_app_210,,,,Foundation,Work Completed,,,,
repair_346,2024-05-07 18:20:56,service_app_176,6.0,,Replacement,Windows,Work Completed,,,,
repair_347,2024-05-07 18:26:39,service_app_179,,,new handheld shower head,Bathroom,Work Completed,,,,
repair_348,2024-05-07 17:56:24,service_app_210,,,Security door,Doors/Locks,Work Completed,,,,
repair_349,2024-05-07 18:15:08,service_app_182,,,,Kitchen,Work Completed,,,,
repair_350,2024-05-07 17:57:09,service_app_210,,,install fan vented to exterior of home,Bathroom,Work Completed,,,,
repair_351,2024-05-07 17:57:42,service_app_210,,,,Grab Bars/Railings,Work Completed,,,,
repair_352,2024-05-07 17:59:24,service_app_210,,,Interior,Doors/Locks,Work Completed,,,,
repair_353,2024-05-07 18:00:02,service_app_210,,,Interior,Doors/Locks,Work Completed,,,,
repair_354,2024-05-07 18:02:17,service_app_210,,,Interior,Doors/Locks,Work Completed,,,,
repair_355,2024-05-07 18:06:11,service_app_205,,,,Ceiling,Work Completed,,,,
repair_356,2024-05-07 18:06:44,service_app_205,,,convert tub to shower,Bathroom,Work Completed,,,,
repair_357,2024-05-07 18:07:42,service_app_205,,,new handheld shower head,Bathroom,Work Completed,,,,
repair_358,2024-05-07 18:08:07,service_app_205,,,,Grab Bars/Railings,Work Completed,,,,
repair_359,2024-05-07 18:09:33,service_app_205,,,,Kitchen,Work Completed,,,,
repair_360,2024-05-07 18:11:19,service_app_182,,,,Fence/Gate(s),Work Completed,,,,
repair_361,2024-05-07 18:11:35,service_app_182,,,,Cabinets,Work Completed,,,,
repair_362,2024-05-07 18:13:22,service_app_182,,,Vinyl,Exterior,Work Completed,,,,
repair_363,2024-05-07 18:13:35,service_app_182,,,,Cabinets,Work Completed,,,,
repair_364,2024-05-07 18:23:03,service_app_176,,,,Deck/Porch,Work Completed,,,,
repair_365,2024-05-07 18:17:37,service_app_176,,,Test,Lead Safety,Work Completed,,,,
repair_366,2024-05-07 18:18:12,service_app_176,,,Repair,Roof,Work Completed,,,,
repair_367,2024-05-07 18:19:51,service_app_176,,,Exterior,Doors/Locks,Work Completed,,,,
repair_368,2024-05-07 18:20:15,service_app_176,,,Vinyl,Exterior,Work Completed,,,,
repair_369,2024-05-07 18:21:56,service_app_176,,,Critical,Electrical,Work Completed,,,,
repair_370,2024-05-07 18:22:32,service_app_176,2.0,,,Grab Bars/Railings,Work Completed,,,,
repair_371,2024-05-07 18:24:52,service_app_179,,,Test,Lead Safety,Work Completed,,,,
repair_372,2024-05-07 18:44:23,service_app_206,,,,Grab Bars/Railings,Work Completed,,,,
repair_373,2024-05-07 18:25:17,service_app_179,,,convert tub to shower,Bathroom,Work Completed,,,,
repair_374,2024-05-07 18:26:14,service_app_179,,,replace vanity,Bathroom,Work Completed,,,,
repair_375,2024-05-07 18:27:09,service_app_179,,,,Drywall,Work Completed,,,,
repair_376,2024-05-07 18:27:44,service_app_179,,,Stove,Appliances,Work Completed,,,,
repair_377,2024-05-07 18:30:34,service_app_177,,,Test,Lead Safety,Work Completed,,,,
repair_378,2024-05-07 18:32:46,service_app_206,,,Test,Lead Safety,Work Completed,,,,
repair_379,2024-05-07 18:33:28,service_app_206,2.0,,Exterior,Doors/Locks,Work Completed,,,,
repair_380,2024-05-07 18:34:25,service_app_206,,,Security door,Doors/Locks,Work Completed,,,,
repair_381,2024-05-07 18:36:08,service_app_206,,,,Flooring,Work Completed,,,,
repair_382,2024-05-07 18:37:35,service_app_206,,,,Cabinets,Work Completed,,,,
repair_383,2024-05-07 18:38:34,service_app_206,,,,Kitchen,Work Completed,,,,
repair_384,2024-05-07 18:39:34,service_app_206,,,,Ceiling,Work Completed,,,,
repair_385,2024-05-07 18:40:20,service_app_206,,,convert tub to shower,Bathroom,Work Completed,,,,
repair_386,2024-05-07 18:40:38,service_app_206,2.0,,replace toilet with comfort height ADA toilet,Bathroom,Work Completed,,,,
repair_387,2024-05-07 18:41:04,service_app_206,2.0,,replace vanity,Bathroom,Work Completed,,,,
repair_388,2024-05-07 18:41:25,service_app_206,2.0,,install fan vented to exterior of home,Bathroom,Work Completed,,,,
repair_389,2024-05-07 18:42:22,service_app_206,2.0,,replace flooring,Bathroom,Work Completed,,,,
repair_390,2024-05-07 18:44:40,service_app_206,,,Repair,Windows,Work Completed,,,,
repair_391,2024-05-08 17:24:39,service_app_211,2.0,,,Ceiling,Assigned,,Medium,,200.0
repair_392,2024-05-08 17:19:10,service_app_211,1.0,,replace flooring,Bathroom,Assigned,,High,,650.0
repair_393,2024-05-08 17:18:00,service_app_211,1.0,,replace toilet with comfort height ADA toilet,Bathroom,Assigned,,Low,,350.0
repair_394,2024-05-08 17:18:36,service_app_211,1.0,,convert tub to shower,Bathroom,Assigned,,,,9000.0
repair_395,2024-05-08 17:20:19,service_app_211,1.0,,Exterior,Doors/Locks,Assigned,,Medium,,637.5
repair_396,2024-05-08 17:21:01,service_app_211,1.0,,Security door,Doors/Locks,Assigned,,Medium,,637.5
repair_397,2024-05-08 17:22:43,service_app_211,,,,Flooring,Assigned,,Low,,600.0
repair_398,2024-05-08 17:23:51,service_app_211,1.0,,,Kitchen,Assigned,,Low,,
repair_399,2024-05-08 17:25:26,service_app_211,1.0,,Replacement,Waterheater,Assigned,,Medium,,950.0
repair_400,2024-05-08 17:26:09,service_app_211,2.0,,Minor,Electrical,Assigned,,Medium,,75.0
repair_401,2024-05-08 17:26:53,service_app_211,1.0,,,Drywall,Assigned,,Low,,250.0
repair_402,2024-06-03 16:04:06,service_app_217,,,Replacement,Roof,Assigned,,High,,5860.0
repair_403,2024-06-03 16:09:08,service_app_217,,,,Ceiling,Assigned,,Medium,,990.0
repair_404,2024-06-03 16:13:20,service_app_217,,,,Plumbing,Assigned,,High,,1690.0
repair_405,2024-07-08 19:21:49,service_app_228,1.0,,Critical,HVAC,Need Identified,contractor_bid_8,Critical,,800.0
repair_406,2024-07-08 19:55:00,service_app_221,1.0,,Refrigerator,Appliances,Work Completed,,Low,,
repair_407,2024-07-08 19:55:00,service_app_221,1.0,,replace vanity,Bathroom,Work Completed,,,,
repair_408,2024-07-08 19:55:00,service_app_221,1.0,,,Cabinets,Work Completed,,Medium,,
repair_409,2024-07-08 19:55:00,service_app_221,1.0,,,Carpet,Work Completed,,Medium,,
repair_410,2024-07-08 19:55:00,service_app_221,1.0,,,Ceiling,Work Completed,,Critical,,
repair_411,2024-07-08 19:55:00,service_app_221,1.0,,,Debris Removal,Work Completed,,Low,,
repair_412,2024-07-08 19:55:00,service_app_221,1.0,,,Drywall,Work Completed,,High,,
repair_413,2024-07-08 19:55:00,service_app_221,1.0,,,Exterior,Work Completed,,Medium,crawlspace door,
repair_414,2024-07-08 19:55:00,service_app_221,1.0,,,Flooring,Work Completed,,High,,
repair_415,2024-07-08 19:55:00,service_app_221,1.0,,,Grab Bars/Railings,Work Completed,,High,,
repair_416,2024-07-08 19:55:00,service_app_221,1.0,,,Gutters,Work Completed,,High,,
repair_417,2024-07-08 19:55:00,service_app_221,1.0,,,Handrails,Work Completed,,Medium,,
repair_418,2024-07-08 19:55:00,service_app_221,1.0,,,Kitchen,Work Completed,,Medium,,
repair_419,2024-07-08 19:55:00,service_app_221,1.0,,Test,Lead Safety,Work Completed,,High,,
repair_420,2024-07-08 19:55:00,service_app_221,1.0,,,Lighting,Work Completed,,Low,,
repair_421,2024-07-08 19:55:01,service_app_221,1.0,,,Painting,Work Completed,,Low,,
repair_422,2024-07-08 19:55:01,service_app_221,1.0,,Critical,Plumbing,Work Completed,,Critical,,
repair_423,2024-07-08 19:55:01,service_app_221,1.0,,Replacement,Roof,Work Completed,,Critical,,
repair_424,2024-07-08 19:55:01,service_app_221,1.0,,Fire Extinguishers,Safety Items,Work Completed,,Low,,
repair_425,2024-07-08 19:55:01,service_app_221,1.0,,,Tub/Tile,Need Identified,,Medium,,
repair_426,2024-07-08 19:55:01,service_app_221,1.0,,,Walkways/Entryways/Sidewalks,Work Completed,,High,Threshold to Door,
repair_427,2024-07-08 19:55:01,service_app_221,1.0,,Clean Up,Yardwork,Work Completed,,Low,,
repair_428,2024-07-08 19:55:55,service_app_221,1.0,,Stove,Appliances,Work Completed,,Low,,
repair_429,2024-07-08 19:56:18,service_app_221,1.0,,Washer,Appliances,Work Completed,,Low,,
repair_430,2024-07-08 19:56:35,service_app_221,1.0,,Dryer,Appliances,Work Completed,,,,
repair_431,2024-07-08 19:57:29,service_app_221,,,replace flooring,Bathroom,Work Completed,,,,
repair_432,2024-07-09 14:47:45,service_app_213,,,,,Need Identified,,,,
repair_433,2024-08-06 20:01:26,service_app_220,7.0,,Replacement,Windows,Need Identified,contractor_bid_9,Medium,,
repair_434,2024-08-06 20:03:01,service_app_220,2.0,,Minor,Electrical,Need Identified,contractor_bid_9,Low,,
repair_435,2024-08-06 20:04:27,service_app_220,,,,Flooring,Need Identified,contractor_bid_9,Medium,,
repair_436,2024-08-06 20:05:47,service_app_220,1.0,,,Flooring,Need Identified,contractor_bid_9,Low,,
repair_437,2024-08-06 20:07:32,service_app_220,1.0,,install fan vented to exterior of home,Bathroom,Need Identified,contractor_bid_9,Low,,
repair_438,2024-08-06 20:08:37,service_app_220,1.0,,Interior,Painting,Need Identified,contractor_bid_9,Low,,
repair_439,2024-08-06 20:09:28,service_app_220,1.0,,,Lighting,Need Identified,contractor_bid_9,Low,,
repair_440,2024-08-06 20:10:25,service_app_220,1.0,,Repair,Roof,Need Identified,contractor_bid_9,High,,
repair_441,2024-08-06 20:11:28,service_app_220,1.0,,,Concrete,Need Identified,contractor_bid_9,High,,
repair_442,2024-08-06 20:12:04,service_app_220,1.0,,,Handrails,Need Identified,contractor_bid_9,High,,
repair_443,2024-08-06 20:12:53,service_app_220,1.0,,Security door,Doors/Locks,Need Identified,contractor_bid_9,High,,
repair_444,2024-08-06 20:13:27,service_app_220,1.0,,Entry door,Doors/Locks,Need Identified,contractor_bid_9,High,,
repair_445,2024-08-06 20:14:56,service_app_220,1.0,,Repair,HVAC,Need Identified,contractor_bid_10,Medium,,
repair_446,2024-08-06 20:16:02,service_app_220,1.0,,Minor,Plumbing,Need Identified,contractor_bid_9,High,,
repair_447,2024-08-06 20:50:46,service_app_209,,,,Tub/Tile,Need Identified,contractor_bid_11,Medium,,
repair_448,2024-08-06 20:57:07,service_app_209,,,replace flooring,Bathroom,Assigned,contractor_bid_11,Low,,
repair_449,2024-08-06 20:57:52,service_app_209,,,replace vanity,Bathroom,Assigned,contractor_bid_11,Medium,,
repair_450,2024-08-06 20:58:45,service_app_209,,,convert tub to shower,Bathroom,Assigned,contractor_bid_11,Medium,,
repair_451,2024-08-06 21:14:48,service_app_209,1.0,,,Bathroom,Need Identified,contractor_bid_11,Low,,
repair_452,2024-08-06 21:06:35,service_app_209,1.0,,Replacement,Windows,Need Identified,contractor_bid_11,Medium,,
repair_453,2024-08-06 21:07:29,service_app_209,1.0,,Security door,Doors/Locks,Need Identified,contractor_bid_11,Medium,,
repair_454,2024-08-06 21:08:47,service_app_209,1.0,,,Handrails,Need Identified,contractor_bid_11,Medium,,
repair_455,2024-08-06 21:09:47,service_app_209,1.0,,,Kitchen,Need Identified,contractor_bid_11,Low,,
repair_456,2024-08-06 21:12:30,service_app_209,2.0,,replace toilet with comfort height ADA toilet,Bathroom,Need Identified,contractor_bid_11,Low,,
repair_457,2024-08-06 21:13:16,service_app_209,,,Minor,Electrical,Need Identified,contractor_bid_11,Low,,
repair_458,2024-08-06 21:15:46,service_app_209,1.0,,Entry door,Doors/Locks,Need Identified,contractor_bid_11,Low,,
repair_459,2024-08-06 21:17:05,service_app_209,,,Critical,Plumbing,Need Identified,contractor_bid_11,High,,
repair_460,2024-08-06 21:17:39,service_app_209,1.0,,,Exterior,Need Identified,contractor_bid_11,Low,,
repair_461,2024-08-07 18:52:06,service_app_229,1.0,,replace vanity,Bathroom,Assigned,contractor_bid_12,Low,,1200.0
repair_462,2024-08-07 18:42:59,service_app_229,1.0,,Replacement,Roof,Assigned,contractor_bid_12,High,,10695.0
repair_463,2024-08-07 18:54:14,service_app_229,1.0,,,Drywall,Assigned,contractor_bid_12,Low,,275.0
repair_464,2024-08-07 18:42:10,service_app_229,1.0,,Replacement,Waterheater,Assigned,contractor_bid_12,Low,,75.0
repair_465,2024-08-07 18:43:46,service_app_229,1.0,,,Gutters,Assigned,contractor_bid_12,Medium,,2420.0
repair_466,2024-08-07 18:44:45,service_app_229,1.0,,,Flooring,Assigned,contractor_bid_12,Medium,,2160.0
repair_467,2024-08-07 18:45:20,service_app_229,1.0,,,Flooring,Assigned,contractor_bid_12,Medium,,2160.0
repair_468,2024-08-07 18:46:15,service_app_229,1.0,,,Flooring,Assigned,contractor_bid_12,Medium,,2880.0
repair_469,2024-08-07 18:49:00,service_app_229,1.0,,Stove,Appliances,Assigned,contractor_bid_12,Low,,125.0
repair_470,2024-08-07 18:46:58,service_app_229,1.0,,Replacement,Windows,Assigned,contractor_bid_12,Low,,485.0
repair_471,2024-08-07 18:48:18,service_app_229,3.0,,Minor,Electrical,Assigned,contractor_bid_12,Low,,375.0
repair_472,2024-08-07 18:49:31,service_app_229,,,Minor,Electrical,Assigned,contractor_bid_12,Low,,175.0
repair_473,2024-08-07 18:50:42,service_app_229,1.0,,,Flooring,Assigned,contractor_bid_12,Medium,,720.0
repair_474,2024-08-07 18:51:31,service_app_229,1.0,,convert tub to shower,Bathroom,Assigned,contractor_bid_12,Critical,,4000.0
repair_475,2024-08-07 18:52:54,service_app_229,1.0,,replace toilet with comfort height ADA toilet,Bathroom,Assigned,contractor_bid_12,Medium,,475.0
repair_476,2024-08-07 18:53:35,service_app_229,,,,Ceiling,Assigned,contractor_bid_12,Low,,250.0
repair_477,2024-08-07 18:54:56,service_app_229,1.0,,Replacement,Windows,Assigned,contractor_bid_12,Medium,,485.0
repair_478,2024-08-07 18:55:46,service_app_229,1.0,,,Ceiling,Assigned,contractor_bid_12,Low,,250.0
repair_479,2024-08-07 18:56:56,service_app_229,1.0,,,Deck/Porch,Assigned,contractor_bid_12,High,,4800.0
repair_480,2024-08-07 18:58:35,service_app_229,1.0,,,Concrete,Assigned,contractor_bid_12,Medium,,4400.0
repair_481,2024-08-07 19:00:45,service_app_229,1.0,,,Yardwork,Assigned,contractor_bid_12,High,,3000.0
repair_482,2024-10-22 16:55:27,service_app_227,,,Vinyl,Siding,Need Identified,,High,,
repair_483,2024-10-23 17:17:34,service_app_236,,,Critical,Electrical,Work Completed,,High,,6548.97
repair_484,2025-02-11 16:14:42,service_app_250,1.0,project_22,Critical,Plumbing,Work Completed,contractor_bid_14,High,,
repair_485,2025-02-11 16:04:47,service_app_250,1.0,project_22,,Flooring,Work Completed,contractor_bid_14,Low,,
repair_486,2025-02-11 16:00:51,service_app_250,2.0,project_22,Security door,Doors/Locks,Work Completed,contractor_bid_14,Low,,
repair_487,2025-02-11 16:01:59,service_app_250,2.0,project_22,Entry door,Doors/Locks,Work Completed,contractor_bid_14,Low,,
repair_488,2025-02-11 16:06:57,service_app_250,1.0,project_22,,Flooring,Work Completed,contractor_bid_14,Medium,,
repair_489,2025-02-11 16:09:18,service_app_250,1.0,project_22,,Appliances,Work Completed,contractor_bid_14,Low,,
repair_490,2025-02-11 16:10:59,service_app_250,1.0,project_22,Critical,Plumbing,Work Completed,contractor_bid_14,High,,
repair_491,2025-02-11 16:15:58,service_app_250,1.0,project_22,,Deck/Porch,Work Completed,contractor_bid_14,High,,
repair_492,2025-02-11 16:18:33,service_app_250,1.0,project_22,,Bathroom,Work Completed,contractor_bid_14,High,,
repair_493,2025-02-11 16:19:26,service_app_250,1.0,project_22,,Bathroom,Work Completed,contractor_bid_14,Medium,,
repair_494,2025-02-11 17:01:00,service_app_263,1.0,project_3,Security door,Doors/Locks,Assigned,contractor_bid_16,Medium,,1650.0
repair_495,2025-02-11 17:04:15,service_app_263,,project_3,Dishwasher,Appliances,Assigned,contractor_bid_16,High,,
repair_496,2025-02-11 17:12:44,service_app_263,1.0,project_3,Replacement,Roof,Assigned,contractor_bid_16,High,,
repair_497,2025-02-11 17:07:12,service_app_263,1.0,project_3,,Drywall,Assigned,contractor_bid_16,Medium,,
repair_498,2025-02-11 17:03:14,service_app_263,1.0,project_3,Refrigerator,Appliances,Assigned,contractor_bid_16,High,,
repair_499,2025-02-11 17:05:50,service_app_263,1.0,project_3,,Appliances,Assigned,contractor_bid_16,High,,
repair_500,2025-02-11 17:08:19,service_app_263,,project_3,Minor,Electrical,Assigned,contractor_bid_16,Medium,,
repair_501,2025-02-11 17:10:33,service_app_263,,project_3,,Bathroom,Assigned,contractor_bid_16,High,,
repair_502,2025-02-11 17:11:22,service_app_263,1.0,project_3,,Bathroom,Assigned,contractor_bid_16,High,,
repair_503,2025-02-19 21:22:55,service_app_249,,,,,Need Identified,,,,
repair_504,2025-02-25 17:41:19,service_app_239,1.0,project_5,Critical,HVAC,Work Completed,,Critical,,9400.0
repair_505,2025-02-25 17:53:13,service_app_267,1.0,project_16,,Bathroom,Work Completed,contractor_bid_31,Medium,,
repair_506,2025-02-25 17:53:13,service_app_267,1.0,project_16,,Cabinets,Work Completed,contractor_bid_31,High,,
repair_507,2025-02-25 17:53:13,service_app_267,1.0,project_16,,Electrical,Work Completed,contractor_bid_31,Medium,,
repair_508,2025-02-25 17:53:13,service_app_267,1.0,project_16,,Flooring,Work Completed,contractor_bid_31,Medium,,
repair_509,2025-02-26 19:46:28,service_app_239,1.0,project_5,Entry door,Doors/Locks,Work Completed,,Medium,,1650.0
repair_510,2025-02-26 19:44:38,service_app_239,1.0,project_5,,Gutters,Work Completed,,Medium,,0.0
repair_511,2025-02-26 19:45:37,service_app_239,,project_5,Vinyl,Exterior,Work Completed,,Medium,,5500.0
repair_512,2025-03-03 18:31:50,service_app_273,1.0,,Refrigerator,Appliances,Need Identified,,High,,
repair_513,2025-03-03 18:31:50,service_app_273,1.0,,convert tub to shower,Bathroom,Need Identified,,High,,
repair_514,2025-03-03 18:31:50,service_app_273,1.0,,,Cabinets,Need Identified,,Medium,,
repair_515,2025-03-03 18:31:50,service_app_273,1.0,,,Deck/Porch,Need Identified,,Medium,,
repair_516,2025-03-03 18:31:50,service_app_273,1.0,,Exterior,Doors/Locks,Need Identified,,High,,
repair_517,2025-03-03 18:31:50,service_app_273,1.0,,,Kitchen,Need Identified,,High,,
repair_518,2025-03-03 18:31:50,service_app_273,5.0,,Replacement,Windows,Need Identified,,Critical,,
repair_519,2025-03-03 18:28:20,service_app_266,,project_23,,Appliances,Assigned,,,,
repair_520,2025-03-03 18:28:21,service_app_266,1.0,project_23,,Bathroom,Assigned,,High,,
repair_521,2025-03-03 18:28:21,service_app_266,1.0,project_23,,Cabinets,Assigned,,High,,
repair_522,2025-03-03 18:28:21,service_app_266,1.0,project_23,,Carpet,Assigned,,High,,
repair_523,2025-03-03 18:28:21,service_app_266,1.0,project_23,Exterior,Doors/Locks,Assigned,,High,,
repair_524,2025-03-03 18:28:21,service_app_266,1.0,project_23,Minor,Electrical,Assigned,,Low,,
repair_525,2025-03-03 18:28:21,service_app_266,1.0,project_23,,Flooring,Assigned,,High,,
repair_526,2025-03-03 18:28:21,service_app_266,1.0,project_23,,Kitchen,Assigned,,High,,
repair_527,2025-03-03 18:28:21,service_app_266,1.0,project_23,,Lighting,Assigned,,Medium,,
repair_528,2025-03-03 18:28:21,service_app_266,1.0,project_23,,Plumbing,Assigned,,Medium,,
repair_529,2025-03-03 18:28:21,service_app_266,1.0,project_23,,Roof,Assigned,,Critical,,
repair_530,2025-03-03 19:21:20,service_app_197,1.0,project_6,Interior,Doors/Locks,Work Completed,,Medium,Install new Security side door,
repair_531,2025-03-03 19:20:38,service_app_197,1.0,project_6,Entry door,Doors/Locks,Work Completed,,Medium,Install New Security and Entry,
repair_532,2025-03-03 19:20:38,service_app_197,1.0,project_6,Vinyl,Exterior,Work Completed,,Medium,Repair Vinyl Soffit and Fascia Paint where damaged,
repair_533,2025-03-03 19:20:38,service_app_197,1.0,project_6,,Flooring,Work Completed,,Medium,Remove Carpet from LVRM and Hllway. Replace with vinyl plank flooring plus KTCHN,
repair_534,2025-03-03 19:20:38,service_app_197,1.0,project_6,,Kitchen,Work Completed,,Medium,Install new countertop and knobs,
repair_535,2025-03-03 19:20:38,service_app_197,,project_6,Repair,Roof,Work Completed,,Medium,New roofing shingles repair damaged decking,
repair_536,2025-03-03 19:20:38,service_app_197,1.0,project_6,,Siding,Work Completed,,Medium,Repaid and Paint front facing siding and siding apex vents,
repair_537,2025-03-03 19:22:36,service_app_197,1.0,project_6,,Exterior,Work Completed,,,Repair Gutter boards where wood is damaged,
repair_538,2025-03-03 19:27:09,service_app_197,1.0,project_6,Replacement,Windows,Work Completed,,Medium,,
repair_539,2025-03-03 21:19:27,service_app_248,1.0,project_7,,Grab Bars/Railings,Work Completed,,Medium,Install Grab Bar,
repair_540,2025-03-03 21:19:27,service_app_248,1.0,project_7,Critical,Plumbing,Work Completed,,Critical,Drain Septic Tank,
repair_541,2025-03-03 21:20:01,service_app_248,1.0,project_7,Critical,Plumbing,Work Completed,,Critical,Connect to City Sewer System,
repair_542,2025-03-03 21:20:30,service_app_248,1.0,project_7,Critical,Plumbing,Work Completed,,Critical,Install New water service line,
repair_543,2025-03-05 20:29:10,service_app_264,1.0,project_19,Refrigerator,Appliances,Work Completed,contractor_bid_34,Medium,,
repair_544,2025-03-05 20:29:10,service_app_264,1.0,project_19,,Cabinets,Work Completed,contractor_bid_34,Medium,,
repair_545,2025-03-05 20:29:10,service_app_264,,project_19,,Kitchen,Work Completed,contractor_bid_34,High,Install new Cabinetry and countertop to the kitchen,
repair_546,2025-03-05 20:29:10,service_app_264,1.0,project_19,,Plumbing,Work Completed,contractor_bid_34,,Repair  Plumbing,
repair_547,2025-03-05 20:33:01,service_app_264,1.0,project_19,Dishwasher,Appliances,Work Completed,contractor_bid_34,High,,
repair_548,2025-03-17 16:10:07,service_app_295,1.0,project_10,,Drywall,Work Completed,contractor_bid_22,High,Repair Drywall in Basement,
repair_549,2025-03-18 14:44:22,service_app_258,1.0,,,Gutters,Assigned,,,Install Corresponding downspouts to existing gutter,
repair_550,2025-03-18 14:37:58,service_app_258,1.0,,,Grab Bars/Railings,Assigned,,High,Install Grab bars to the Bathroom,
repair_551,2025-03-18 14:41:15,service_app_258,1.0,,replace vanity,Bathroom,Assigned,contractor_bid_18,Medium,Install new Vinyl in Half Bathroom,
repair_552,2025-03-18 14:41:54,service_app_258,1.0,,,Grab Bars/Railings,Assigned,contractor_bid_18,Medium,Install new Handrail on the interior steps,
repair_553,2025-03-18 14:33:18,service_app_258,1.0,,,Kitchen,Assigned,,Medium,Repair Kitchen Floor at Door Threshold,
repair_554,2025-03-18 14:34:16,service_app_258,1.0,,,Kitchen,Assigned,contractor_bid_18,Medium,Install new Vinyl in the Kitchen,
repair_555,2025-03-18 14:34:59,service_app_258,1.0,,,Kitchen,Assigned,contractor_bid_18,High,repair Kitchen Cabinetry countertop and Backsplash by removing old tile and damaged cabinetry,
repair_556,2025-03-18 14:36:13,service_app_258,1.0,,,Kitchen,Assigned,contractor_bid_18,Medium,Paint Kitchen Corner,
repair_557,2025-03-18 14:36:48,service_app_258,1.0,,,Kitchen,Assigned,contractor_bid_18,Medium,3 GFCI-Plus,
repair_558,2025-03-18 14:37:09,service_app_258,1.0,,convert tub to shower,Bathroom,Assigned,,High,Install new step shower,
repair_559,2025-03-18 14:38:53,service_app_258,1.0,,Replacement,Windows,Assigned,contractor_bid_18,Medium,Install frosted window in Bathroom,
repair_560,2025-03-18 14:39:34,service_app_258,1.0,,,Bathroom,Assigned,contractor_bid_18,Medium,Install new 18 Inch storage vanity W/faucet top,
repair_561,2025-03-18 14:45:58,service_app_258,1.0,,Minor,Electrical,Assigned,contractor_bid_18,Medium,Remove Baseboard heater and add trim and disconnected from electrical box,
repair_562,2025-03-18 14:42:36,service_app_258,1.0,,Critical,Electrical,Assigned,contractor_bid_18,High,Install new Electrical Box,
repair_563,2025-03-18 14:43:08,service_app_258,1.0,,,Doors/Locks,Assigned,contractor_bid_18,Medium,Install new Crawlspace door,
repair_564,2025-03-18 14:45:12,service_app_258,1.0,,,Exterior,Assigned,,Medium,repair crumbling stone chimney,
repair_565,2025-03-18 14:47:07,service_app_258,1.0,,,Drywall,Assigned,contractor_bid_18,High,Repair Drywall underneath electrical panel,
repair_566,2025-03-18 16:18:45,service_app_296,1.0,project_26,,Cabinets,Work Completed,contractor_bid_43,High,Install new Cabinetry and countertop to the kitchen,
repair_567,2025-06-24 14:17:42,service_app_318,,project_8,,Flooring,Work Completed,contractor_bid_19,High,,
repair_568,2025-06-24 14:17:13,service_app_318,,project_8,Minor,Plumbing,Work Completed,contractor_bid_19,Medium,,
repair_569,2025-06-24 19:32:59,service_app_298,7.0,project_9,Replacement,Windows,Work Completed,,Medium,,
repair_570,2025-06-24 19:20:18,service_app_299,1.0,project_27,,Fence/Gate(s),Work Completed,contractor_bid_20,Medium,,
repair_571,2025-06-24 19:21:08,service_app_299,1.0,project_27,,Deck/Porch,Work Completed,contractor_bid_20,Medium,,
repair_572,2025-06-24 19:22:08,service_app_299,1.0,project_27,,Exterior,Work Completed,contractor_bid_20,,,
repair_573,2025-06-24 19:51:48,service_app_295,,project_10,,Kitchen,Work Completed,contractor_bid_22,,,
repair_574,2025-06-24 19:52:49,service_app_295,,project_10,,Cabinets,Work Completed,contractor_bid_22,,,
repair_575,2025-06-24 20:09:47,service_app_295,,project_10,Critical,HVAC,Work Completed,contractor_bid_23,Medium,,
repair_576,2025-06-25 15:37:54,service_app_232,,,Install,Ramps/Lifts,Work Completed,,High,,
repair_577,2025-06-25 15:39:10,service_app_232,,,,Ceiling,Work Completed,,Medium,,
repair_578,2025-06-25 19:26:07,service_app_261,,project_12,,Flooring,Work Completed,contractor_bid_25,Medium,,
repair_579,2025-06-25 19:27:25,service_app_261,,project_12,Exterior,Doors/Locks,Work Completed,contractor_bid_25,High,,
repair_580,2025-06-25 19:28:24,service_app_261,,project_12,,Concrete,Work Completed,contractor_bid_25,Medium,,
repair_581,2025-06-26 17:52:02,service_app_297,,project_13,,HVAC,Work Completed,contractor_bid_27,,,
repair_582,2025-06-26 18:18:15,service_app_297,,project_13,Replacement,Waterheater,Work Completed,contractor_bid_26,High,,
repair_583,2025-06-26 17:49:36,service_app_297,,project_13,,Kitchen,Work Completed,contractor_bid_26,Medium,,
repair_584,2025-06-26 17:47:42,service_app_297,,project_13,,Bathroom,Work Completed,contractor_bid_26,High,,
repair_585,2025-06-26 17:51:19,service_app_297,1.0,project_13,,Gutters,Work Completed,contractor_bid_26,Medium,-Repair Exterior Shutters,
repair_586,2025-06-26 17:51:19,service_app_297,,project_13,Critical,HVAC,Work Completed,contractor_bid_27,High,-Installation of a new 2- ton split heat pump system 14 seer with a new thermostat,
repair_587,2025-06-26 18:19:22,service_app_297,,project_13,,Doors/Locks,Work Completed,contractor_bid_26,,,
repair_588,2025-06-26 18:29:56,service_app_297,,project_13,,Fence/Gate(s),Work Completed,contractor_bid_26,,,
repair_589,2025-06-26 18:31:47,service_app_297,,project_13,Exterior,Painting,Work Completed,contractor_bid_26,,,
repair_590,2025-06-26 18:32:28,service_app_297,,project_13,,Siding,Work Completed,contractor_bid_26,,,
repair_591,2025-06-26 18:34:09,service_app_297,,project_13,,Siding,Work Completed,contractor_bid_26,,,
repair_592,2025-06-27 20:18:26,service_app_255,1.0,project_14,replace toilet with comfort height ADA toilet,Bathroom,Work Completed,contractor_bid_28,High,Remodel Bathroom: With all necessary ADA compliant accessories  -Install New Step in Shower with Grab bars  -Install New Flooring  -Install New Comfort Height Toilet,
repair_593,2025-06-27 20:18:26,service_app_255,,project_14,,Cabinets,Work Completed,contractor_bid_28,High,-Demo Existing Kitchen Cabinets,
repair_594,2025-06-27 20:18:26,service_app_255,1.0,project_14,Security door,Doors/Locks,Work Completed,contractor_bid_28,High,Install New Security Door in Rear,
repair_595,2025-06-27 20:18:26,service_app_255,1.0,project_14,,Flooring,Work Completed,contractor_bid_28,High,"-Install New Vinyl Plank Flooring in HLLWY, LVNG RM, KTCHN, BTHRM adding transitions at BDRMS & DN",
repair_596,2025-06-27 20:18:26,service_app_255,,project_14,,Gutters,Work Completed,contractor_bid_28,Medium,Install New Gutter w/ downspouts and Gutter Guards,
repair_597,2025-06-27 20:18:26,service_app_255,1.0,project_14,,Kitchen,Work Completed,contractor_bid_29,High,Install New Kitchen Cabinetry including countertops knobs & trim,
repair_598,2025-06-27 20:18:26,service_app_255,8.0,project_14,,Windows,Work Completed,contractor_bid_28,High,Replace 8 New Windows,
repair_599,2025-06-30 15:03:45,service_app_242,1.0,project_15,,Appliances,Work Completed,contractor_bid_30,Medium,Vent hood,
repair_600,2025-06-30 15:03:45,service_app_242,1.0,project_15,,Bathroom,Work Completed,contractor_bid_30,High,"Remove existing tile on floor & wall  -Repair drywall, Paint  -Install New Flooring  -Install New Step In-Shower Vanity/Sink Comfort Height Toilet & Vent Fan",
repair_601,2025-06-30 15:03:45,service_app_242,,project_15,,Doors/Locks,Work Completed,contractor_bid_30,,,
repair_602,2025-06-30 15:03:45,service_app_242,1.0,project_15,,Exterior,Work Completed,contractor_bid_30,Medium,Repair & Paint Fascia & Soffit  -Replace Front Porch Posts w/ Wood Columns,
repair_603,2025-06-30 15:03:45,service_app_242,1.0,project_15,,Kitchen,Work Completed,contractor_bid_30,High,Replace Kitchen Countertop -Reattach Knobs Repair Doors & Hardware  -Install Appliances -Install New Backsplash,
repair_604,2025-06-30 15:03:45,service_app_242,9.0,project_15,Replacement,Windows,Work Completed,contractor_bid_30,,Replace 9 Windows to included front facing windows & BTHRM & KTCHN,
repair_605,2025-06-30 15:04:59,service_app_242,1.0,project_15,,Appliances,Work Completed,contractor_bid_30,Medium,Oven,
repair_606,2025-07-01 19:17:36,service_app_252,1.0,project_18,replace toilet with comfort height ADA toilet,Bathroom,Work Completed,contractor_bid_33,High,install new Toilet in Large Bathroom,
repair_607,2025-07-01 19:17:36,service_app_252,2.0,project_18,Exterior,Doors/Locks,Work Completed,contractor_bid_33,High,Install Security door/ Front / Side levered door locks,
repair_608,2025-07-01 19:17:36,service_app_252,1.0,project_18,,Flooring,Work Completed,contractor_bid_33,High,Install Vinyl flooring LVR area,
repair_609,2025-07-01 19:17:36,service_app_252,1.0,project_18,,Kitchen,Work Completed,contractor_bid_33,Medium,Install New Countertop Kitchen,
repair_610,2025-07-01 19:17:36,service_app_252,1.0,project_18,Replacement,Roof,Work Completed,contractor_bid_33,Critical,Install Roofing Shingle,
repair_611,2025-07-01 19:17:36,service_app_252,1.0,project_18,,Siding,Work Completed,contractor_bid_33,Low,- Paint Exterior Siding,
repair_612,2025-07-01 18:06:28,service_app_292,1.0,project_17,Refrigerator,Appliances,Work Completed,contractor_bid_32,Medium,,
repair_613,2025-07-01 18:06:28,service_app_292,1.0,project_17,,Bathroom,Work Completed,contractor_bid_32,High,"-Remove tile ? Add Dry wall & paint   -Install New Tiled Step in Shower with a Bench seat, soap dishes/cut-out w/ hand-held shower head, grab bars and additional BTHRM accessories   -Install New Comfort height toilet   -Reuse Vanity & top if possible",
repair_614,2025-07-01 18:06:29,service_app_292,2.0,project_17,,Doors/Locks,Work Completed,contractor_bid_32,,"nstall New Front & Rear Security Door w/ matching locks   -Install New Garage Door at Rear Garage opening (Automated if costs allow, Manual otherwise)",
repair_615,2025-07-01 18:06:29,service_app_292,1.0,project_17,,Flooring,Work Completed,contractor_bid_32,High,"Repair Damaged area in the subfloor in the HLLWY   -Remove Carpet and Install Vinyl flooring in LVNG RM DN, HLLWY, & KTCHN - add transitions at BDRMS, & trim",
repair_616,2025-07-01 18:06:29,service_app_292,1.0,project_17,,Kitchen,Work Completed,contractor_bid_32,,"Install New KTCHN Countertops   -Install New Appliances Hood Vent, Stove & Refrigerator   -Repair Cabinet Doors",
repair_617,2025-07-01 18:06:42,service_app_292,1.0,project_17,Stove,Appliances,Work Completed,contractor_bid_32,Medium,,
repair_618,2025-07-01 20:58:27,service_app_302,1.0,project_21,Stove,Appliances,Assigned,contractor_bid_35,High,,
repair_619,2025-07-01 20:58:27,service_app_302,,project_21,,Bathroom,Assigned,contractor_bid_35,Critical,-	Remodel Bathroom: With all necessary ADA compliant accessories,
repair_620,2025-07-01 20:58:27,service_app_302,1.0,project_21,Interior,Doors/Locks,Assigned,contractor_bid_35,,-	Install new lock on the bottom entry door,
repair_621,2025-07-01 20:58:27,service_app_302,1.0,project_21,Minor,Electrical,Assigned,contractor_bid_35,Medium,-	Install 2 GFCI  -	Install New Light above the sink,
repair_622,2025-07-01 20:58:27,service_app_302,1.0,project_21,,Exterior,Assigned,contractor_bid_35,Medium,-	-	Remove Satellite Dish,
repair_623,2025-07-01 20:58:27,service_app_302,1.0,project_21,,Flooring,Assigned,contractor_bid_35,,-	Remove the Carpet on the Steps and install new vinyl,
repair_624,2025-07-01 20:58:27,service_app_302,1.0,project_21,,Handrails,Assigned,contractor_bid_35,,-	Install new rail on the front porch,
repair_625,2025-07-01 20:58:27,service_app_302,1.0,project_21,,Kitchen,Assigned,contractor_bid_35,High,"-	Remove the old Cabinetry, countertop and ceramic sink   -	Install new countertop, ceramic sink and Cabinetry with new layout and sufficient storage",
repair_626,2025-07-01 20:58:27,service_app_302,1.0,project_21,,Gutters,Assigned,contractor_bid_35,High,-	Install New Gutters,
repair_627,2025-07-01 20:58:42,service_app_302,1.0,project_21,,Appliances,Assigned,contractor_bid_35,High,Vent hood,
repair_628,2025-07-02 16:13:56,service_app_250,,project_22,,Handrails,Work Completed,contractor_bid_38,High,,
repair_629,2025-07-02 16:14:40,service_app_250,,project_22,Test,Lead Safety,Work Completed,contractor_bid_14,High,,
repair_630,2025-07-03 18:40:33,service_app_259,1.0,project_24,,Bathroom,Work Completed,contractor_bid_41,High,REMODEL AHDA  -New Toilet  -New Flooring  -Paint Walls -Install New barrier free shower w/ bench seat & hand help shower head,
repair_631,2025-07-03 18:40:34,service_app_259,2.0,project_24,Exterior,Doors/Locks,Work Completed,contractor_bid_41,High,Replace 1 front door and 1 security door,
repair_632,2025-07-03 18:40:34,service_app_259,1.0,project_24,Fiber-Cement (Hardiboard),Exterior,Work Completed,contractor_bid_41,Medium,pour 1 concrete step,
repair_633,2025-07-03 18:40:34,service_app_259,1.0,project_24,,Flooring,Work Completed,contractor_bid_41,Medium,Remove Carpet in HLLWY & BDRMS -Remove Old KTCHN Flooring -Install vinyl plank Flooring throughout Upstairs LVR ? KTCHN BTHRM - BDRMS,
repair_634,2025-07-03 18:40:34,service_app_259,1.0,project_24,,Handrails,Work Completed,contractor_bid_41,High,Install Handrail in Front Porch,
repair_635,2025-07-03 18:40:34,service_app_259,1.0,project_24,,Kitchen,Work Completed,contractor_bid_41,Critical,Install new Bottom Cabinets in the color of the existing cabinetry  -Install New Countertop - Replace Sewer Lines,
repair_636,2025-07-03 18:40:34,service_app_259,1.0,project_24,Test,Lead Safety,Work Completed,,High,Lead Paint Inspection,
repair_637,2025-07-03 18:40:34,service_app_259,5.0,project_24,Replacement,Windows,Work Completed,contractor_bid_41,Critical,Install 5 new widows,
repair_638,2025-07-03 18:46:13,service_app_259,1.0,project_24,,Electrical,Work Completed,contractor_bid_41,Medium,,
repair_639,2025-07-03 18:51:08,service_app_259,,project_24,Critical,HVAC,Work Completed,contractor_bid_39,Critical,,
repair_640,2025-07-03 18:52:21,service_app_259,,project_24,Critical,Electrical,Work Completed,contractor_bid_40,Critical,,
repair_641,2025-07-03 19:46:44,service_app_244,1.0,project_4,,Concrete,Assigned,,Medium,-Install New Concrete Stairs,
repair_642,2025-07-03 19:46:44,service_app_244,1.0,project_4,Minor,Electrical,Assigned,,Low,-Install light at the Front Porch,
repair_643,2025-07-03 19:46:44,service_app_244,1.0,project_4,,Flooring,Assigned,,Medium,Remove old laminate flooring & Install Vinyl plank flooring in DNNG RM/HLLWY,
repair_644,2025-07-03 19:46:44,service_app_244,1.0,project_4,,Gutters,Assigned,,High,-Replace the Gutters including down spouts and Leaf Guards,
repair_645,2025-07-03 19:46:44,service_app_244,1.0,project_4,,Kitchen,Assigned,,Medium,-Install New Kitchen Countertop,
repair_646,2025-07-03 19:46:44,service_app_244,1.0,project_4,,Ramps/Lifts,Assigned,,Medium,Replace Attic Stairs  -Install 2 post column to the front porch,
repair_647,2025-07-03 19:46:44,service_app_244,6.0,project_4,,Windows,Assigned,,High,- Install 5 Windows LVR & BDRM/OFFC,
repair_648,2025-07-07 17:50:41,service_app_301,2.0,project_25,Interior,Doors/Locks,Work Completed,contractor_bid_42,Medium,-Install New Door Frames where necessary,
repair_649,2025-07-07 17:50:41,service_app_301,1.0,project_25,,Drywall,Work Completed,contractor_bid_42,Medium,Repair damaged wall in HLLWY,
repair_650,2025-07-07 17:50:41,service_app_301,1.0,project_25,,Flooring,Work Completed,contractor_bid_42,High,Remove DN and HLLWY carpet   -Install new vinyl plank flooring in HLLWY and DN,
repair_651,2025-07-07 17:50:41,service_app_301,1.0,project_25,,Kitchen,Work Completed,contractor_bid_42,Medium,Repair Door Threshold at Kitchen,
repair_652,2025-07-07 17:50:41,service_app_301,3.0,project_25,Interior,Painting,Work Completed,contractor_bid_42,Medium,1. Paint Existing Door frames in HLLWY 2. Paint hallway Dry wall 3. Apply  Paint Bedroom wall,
repair_653,2025-07-07 17:50:41,service_app_301,1.0,project_25,Interior,Doors/Locks,Work Completed,contractor_bid_42,Critical,-Widen BDRM Doorway to accommodate motorized wheelchair,
repair_654,2025-07-07 17:50:41,service_app_301,2.0,project_25,Landscaping,Yardwork,Work Completed,contractor_bid_42,Low,1. Cut tree in front Yard  2. Plant New Tree,
repair_655,2025-07-07 17:52:18,service_app_301,1.0,project_25,,Drywall,Work Completed,contractor_bid_42,Medium,Repair hole in the Bedroom wall,
repair_656,2025-07-08 15:24:06,service_app_235,1.0,project_2,Refrigerator,Appliances,Work Completed,contractor_bid_15,High,-Install New Refrigerator,
repair_657,2025-07-08 15:24:06,service_app_235,1.0,project_2,,Kitchen,Work Completed,contractor_bid_15,Medium,-Install New Kitchen Wall Cabinet Stained to match existing Cabinetry,
repair_658,2025-07-08 15:24:06,service_app_235,1.0,project_2,Interior,Doors/Locks,Work Completed,contractor_bid_15,Critical,Install New Lock on Front Entrance Door   -Install New Security Door & Entry Door on Rear Entrance all keyed alike,
repair_659,2025-07-08 15:24:06,service_app_235,1.0,project_2,,Drywall,Work Completed,contractor_bid_15,Medium,-Repair/Replace trim molding/quarter round on HLLWY/KTCHN wall,
repair_660,2025-07-08 15:24:49,service_app_235,1.0,project_2,Stove,Appliances,Work Completed,contractor_bid_15,High,Install New Range,
repair_661,2025-07-09 18:07:35,service_app_255,,project_14,Minor,Electrical,Work Completed,contractor_bid_46,Medium,,
repair_662,2025-07-09 18:06:06,service_app_255,,project_14,Test,Lead Safety,Work Completed,contractor_bid_45,High,,
repair_663,2025-07-21 15:51:05,service_app_310,1.0,project_28,,Kitchen,Assigned,contractor_bid_47,Medium,Install new Cabinetry and countertop to the kitchen,
repair_664,2025-07-21 15:51:16,service_app_310,1.0,project_28,,Kitchen,Assigned,contractor_bid_47,High,Install new Vinyl in the Kitchen,
repair_665,2025-07-21 15:51:24,service_app_310,1.0,project_28,Security door,Doors/Locks,Assigned,contractor_bid_47,,Install New Side Security & Entry Door,
repair_666,2025-07-21 15:51:58,service_app_310,1.0,project_28,Exterior,Doors/Locks,Assigned,contractor_bid_47,High,Install New front Storm Door,
repair_667,2025-07-21 15:52:22,service_app_310,1.0,project_28,convert tub to shower,Bathroom,Assigned,contractor_bid_47,Critical,"-	Install New Tiled Walk in Shower to include New faucet, Grab bars, Hand Held Shower Combo Kit",
repair_668,2025-07-21 15:53:13,service_app_310,1.0,project_28,replace flooring,Bathroom,Assigned,contractor_bid_47,Critical,Install New Vinyl Flooring,
repair_669,2025-07-21 15:53:42,service_app_310,1.0,project_28,,Handrails,Assigned,contractor_bid_47,High,Install Handrail to the front steps,
repair_670,2025-07-21 15:54:17,service_app_310,1.0,project_28,,Exterior,Assigned,contractor_bid_47,Medium,Repair Soffit at Corner,
repair_671,2025-07-28 17:58:52,service_app_242,,project_15,Test,Lead Safety,Work Completed,,High,,
repair_672,2025-07-30 16:01:46,service_app_315,1.0,project_29,Critical,Plumbing,Assigned,contractor_bid_49,High,Replace galvanized lines w/ PVC,
repair_673,2025-07-30 16:03:56,service_app_315,1.0,project_29,,Gutters,Assigned,contractor_bid_49,High,Install New 6? Gutters with corresponding downspouts,
repair_674,2025-07-30 15:54:35,service_app_315,1.0,project_29,Exterior,Doors/Locks,Assigned,contractor_bid_49,High,-Install New Side Entrance Door and Security Door w/ matching locks,
repair_675,2025-07-30 15:55:14,service_app_315,1.0,project_29,convert tub to shower,Bathroom,Assigned,contractor_bid_49,High,-Install New Tiled Step in Shower with bathroom accessories,
repair_676,2025-07-30 15:55:50,service_app_315,1.0,project_29,replace vanity,Bathroom,Assigned,contractor_bid_49,Medium,Install New Vanity and Toilet,
repair_677,2025-07-30 15:56:25,service_app_315,,project_29,replace toilet with comfort height ADA toilet,Bathroom,Assigned,contractor_bid_49,,Install new Toilet with comfortable Hight,
repair_678,2025-07-30 16:00:31,service_app_315,1.0,project_29,replace flooring,Bathroom,Assigned,contractor_bid_49,High,-Install New Flooring,
repair_679,2025-07-30 16:00:54,service_app_315,1.0,project_29,,Drywall,Assigned,contractor_bid_49,High,Remove old BTHRM Tile Drywall and Paint,
repair_680,2025-07-30 16:02:53,service_app_315,1.0,project_29,Replacement,Roof,Assigned,contractor_bid_49,Critical,-Install New Roofing Shingles,
repair_681,2025-07-30 16:04:14,service_app_315,1.0,project_29,,Handrails,Assigned,contractor_bid_49,Critical,Install New Railing on Front Porch Steps,
repair_682,2025-07-30 16:04:49,service_app_315,1.0,project_29,Test,Lead Safety,Assigned,contractor_bid_50,High,Lead Paint Inspection,
repair_683,2025-07-30 16:05:52,service_app_315,1.0,project_29,,Drywall,Assigned,contractor_bid_49,Critical,-Create or Install New Closet Opening & Closing System on BDRM closets openings,
repair_684,2025-08-11 18:42:12,service_app_202,1.0,project_30,replace faucet,Bathroom,Assigned,contractor_bid_51,,Install new Faucet,
repair_685,2025-08-11 18:41:41,service_app_202,1.0,project_30,convert tub to shower,Bathroom,Assigned,contractor_bid_51,Critical,Create Shower/Tub stall,
repair_686,2025-08-11 18:45:57,service_app_202,1.0,project_30,,Flooring,Assigned,contractor_bid_51,High,Install new Vinyl in the Kitchen,
repair_687,2025-08-11 18:48:15,service_app_202,1.0,project_30,,Exterior,Assigned,contractor_bid_51,,-	Trim Trees 20 ft away from home,
repair_688,2025-08-11 18:40:33,service_app_202,1.0,project_30,replace toilet with comfort height ADA toilet,Bathroom,Assigned,contractor_bid_51,High,Install New Toilet,
repair_689,2025-08-11 18:46:42,service_app_202,1.0,project_30,Test,Lead Safety,Assigned,contractor_bid_52,High,Lead Paint Inspection,
repair_690,2025-08-11 18:41:04,service_app_202,1.0,project_30,replace vanity,Bathroom,Assigned,contractor_bid_51,High,Install new Vanity,
repair_691,2025-08-11 18:42:33,service_app_202,1.0,project_30,,Bathroom,Assigned,contractor_bid_51,,Ensure Plumbing,
repair_692,2025-08-11 18:43:16,service_app_202,1.0,project_30,,Kitchen,Assigned,contractor_bid_51,High,"-	Install New Functional Kitchen: Cabinetry, Sink, Faucet, Countertop, Plumbing -	Install New Vinyl Flooring",
repair_693,2025-08-11 18:44:26,service_app_202,1.0,project_30,,Ceiling,Assigned,contractor_bid_51,High,-	Repair Bedroom Ceiling & Paint,
repair_694,2025-08-11 18:44:51,service_app_202,1.0,project_30,,Drywall,Assigned,contractor_bid_51,High,-	Repair Bedroom Walls & Paint,
repair_695,2025-08-11 18:45:25,service_app_202,1.0,project_30,,Flooring,Assigned,contractor_bid_51,High,-	Install New Vinyl Flooring  to the Bedroom,
repair_696,2025-08-11 18:46:14,service_app_202,1.0,project_30,,Deck/Porch,Assigned,contractor_bid_51,High,-	Construct Rear Deck & Porch,
repair_697,2025-08-11 18:47:13,service_app_202,2.0,project_30,Minor,Plumbing,Assigned,contractor_bid_51,Medium,Ensure Plumbing of Bathroom and Kitche,
repair_698,2025-09-23 16:18:51,service_app_315,1.0,project_29,Repair,HVAC,Assigned,,High,,
